キーワード,カテゴリ,検索意図,優先度,対応記事
メンズ スキンケア おすすめ,スキンケア,購入検討,高,skincare-antiaging.html
男性 エイジングケア 化粧品,スキンケア,情報収集,高,skincare-antiaging.html
レチノール 男性 使い方,スキンケア,情報収集,中,skincare-antiaging.html
ナイアシンアミド メンズ 化粧水,スキンケア,情報収集,中,skincare-antiaging.html
30代 男性 スキンケア 始め方,スキンケア,情報収集,高,skincare-antiaging.html
メンズ 化粧水 オールインワン,スキンケア,購入検討,中,skincare-antiaging.html
髭剃り後 保湿 おすすめ,スキンケア,購入検討,中,skincare-antiaging.html
薄毛 対策 サプリ おすすめ,ヘアケア,情報収集,低,hair-scalp-care.html
ノコギリヤシ 効果 男性,ヘアケア,情報収集,中,hair-scalp-care.html
スカルプシャンプー メンズ おすすめ,ヘアケア,購入検討,中,hair-scalp-care.html
抜け毛 増えた 30代 男性,ヘアケア,不安解消,高,hair-scalp-care.html
亜鉛 サプリ 抜け毛,ヘアケア,情報収集,中,hair-scalp-care.html
AGA 対策 市販,ヘアケア,情報収集,中,aga-selfcare-vs-clinic.html
育毛剤 メンズ 比較,ヘアケア,比較検討,低,hair-scalp-care.html
プロテイン おすすめ 社会人,プロテイン,購入検討,高,protein-guide.html
ホエイプロテイン 選び方 メンズ,プロテイン,情報収集,中,protein-guide.html
プロテイン 種類 違い,プロテイン,情報収集,中,protein-guide.html
ホエイ ソイ 違い,プロテイン,情報収集,高,protein-guide.html
ソイプロテイン おすすめ,プロテイン,購入検討,中,protein-guide.html
プロテイン 飲むタイミング 出張,プロテイン,情報収集,中,protein-guide.html
プロテイン 栄養成分表示 見方,プロテイン,情報収集,中,protein-guide.html
睡眠の質を上げるには,睡眠,情報収集,高,sleep-support.html
グリシン サプリ 効果,睡眠,情報収集,中,sleep-support.html
GABA サプリ 選び方,睡眠,情報収集,中,sleep-support.html
テアニン 睡眠 効果,睡眠,情報収集,中,sleep-support.html
睡眠 何時間 必要 大人,睡眠,情報収集,高,sleep-support.html
GABA 睡眠薬 併用,睡眠,情報収集,中,sleep-support.html
疲れが取れない 原因 病気,疲労回復,不安解消,高,fatigue-recovery.html
クエン酸 疲労回復 効果,疲労回復,情報収集,中,fatigue-recovery.html
オルニチン サプリ 効果,疲労回復,情報収集,中,fatigue-recovery.html
倦怠感 何科,疲労回復,不安解消,中,fatigue-recovery.html
午後 集中力 続かない 対策,疲労回復,情報収集,高,fatigue-recovery.html
疲れが取れない 30代 男性,疲労回復,情報収集,高,fatigue-recovery.html
ビタミンB群 疲労 効果,疲労回復,情報収集,低,fatigue-recovery.html
男性 美容 40代 始め方,全般,情報収集,中,articles/mens-selfcare-start.html
デキる男 身だしなみ 習慣,全般,情報収集,中,index.html
#外した(2026-10-07 当社の表現基準に合わない) 男性 アンチエイジング いつから,全般,情報収集,高,index.html
男性 グルーミング とは,全般,情報収集,低,about.html
サプリ 飲み合わせ 注意,全般,不安解消,中,disclosure.html
機能性表示食品 とは,全般,情報収集,低,about.html
#外した(2026-10-07 当社の表現基準に合わない) 40代 男性 見た目 若返り,全般,購入検討,中,index.html
クエン酸 疲労回復 エビデンス,疲労回復,情報収集,中,fatigue-recovery.html
デスクワーク 男性 スキンケア,スキンケア,情報収集,中,skincare-antiaging.html
AGA 市販薬 クリニック 違い,ヘアケア,比較検討,高,aga-selfcare-vs-clinic.html
AGA セルフケア クリニック 違い,ヘアケア,比較検討,高,aga-selfcare-vs-clinic.html
発毛剤 育毛剤 違い,ヘアケア,情報収集,中,aga-selfcare-vs-clinic.html
抜け毛 病院 行くべき 目安,ヘアケア,不安解消,中,aga-selfcare-vs-clinic.html
AGA 何科 皮膚科 クリニック 違い,ヘアケア,比較検討,中,aga-selfcare-vs-clinic.html
リアップ クリニック どっち,ヘアケア,比較検討,低,aga-selfcare-vs-clinic.html
薄毛 様子見 いつまで,ヘアケア,不安解消,低,aga-selfcare-vs-clinic.html
抜け毛 1日 何本 正常,ヘアケア,不安解消,中,hair-scalp-care.html
育毛剤 医薬部外品 化粧品 違い,ヘアケア,情報収集,低,hair-scalp-care.html
薬用シャンプー 普通のシャンプー 違い,ヘアケア,情報収集,低,hair-scalp-care.html
ビタミンD 冬 不足,栄養,不安解消,高,winter-vitamin-d.html
ビタミンD サプリ 必要,栄養,比較検討,高,winter-vitamin-d.html
ビタミンD 日光浴 何分,栄養,情報収集,中,winter-vitamin-d.html
ビタミンD 摂りすぎ 上限,栄養,不安解消,中,winter-vitamin-d.html
在宅ワーク ビタミンD 日光不足,栄養,不安解消,中,winter-vitamin-d.html
ビタミンD 摂取量 1日 男性,栄養,情報収集,中,winter-vitamin-d.html
ビタミンD イギリス NHS 推奨,栄養,情報収集,低,winter-vitamin-d.html
ビタミンD IU µg 換算,栄養,情報収集,低,winter-vitamin-d.html
窓越し 日光 ビタミンD,栄養,情報収集,低,winter-vitamin-d.html
食事摂取基準 2025 ビタミンD,栄養,情報収集,低,winter-vitamin-d.html
レチノール アダパレン 違い,スキンケア,比較検討,高,retinoids-japan-vs-overseas.html
レチノール トレチノイン 違い,スキンケア,情報収集,中,retinoids-japan-vs-overseas.html
レチノール 医薬部外品 化粧品 違い,スキンケア,比較検討,中,retinoids-japan-vs-overseas.html
シワ改善 医薬部外品 違い,スキンケア,比較検討,中,retinoids-japan-vs-overseas.html
アダパレン 市販,スキンケア,不安解消,中,retinoids-japan-vs-overseas.html
アダパレン 海外 市販,スキンケア,情報収集,中,retinoids-japan-vs-overseas.html
トレチノイン 市販,スキンケア,不安解消,低,retinoids-japan-vs-overseas.html
純粋レチノール とは,スキンケア,情報収集,低,retinoids-japan-vs-overseas.html
レチノイド 種類,スキンケア,情報収集,低,retinoids-japan-vs-overseas.html
メンズ 美容 何から,総合,情報収集,高,articles/mens-selfcare-start.html
30代 男性 セルフケア まとめ,総合,情報収集,中,articles/mens-selfcare-start.html
男 清潔感 何から,総合,情報収集,中,articles/mens-selfcare-start.html
男性更年期 検査,疲労回復,不安解消,高,loh-testosterone.html
男性更年期 何科,疲労回復,不安解消,高,loh-testosterone.html
テストステロン 採血 時間,疲労回復,情報収集,中,loh-testosterone.html
LOH症候群 診断基準,疲労回復,情報収集,中,loh-testosterone.html
テストステロン 基準値 男性,疲労回復,情報収集,中,loh-testosterone.html
遊離テストステロン 基準値,疲労回復,情報収集,中,loh-testosterone.html
テストステロン 検査キット,疲労回復,情報収集,低,loh-testosterone.html
やる気が出ない 40代 男性,疲労回復,不安解消,中,fatigue-recovery.html
ブルーライトカット 意味ない,疲労回復,不安解消,高,blue-light-glasses.html
ブルーライトカット メガネ 効果 仕事,疲労回復,情報収集,中,blue-light-glasses.html
眼精疲労 パソコン 対策,疲労回復,情報収集,中,blue-light-glasses.html
GLP-1 ダイエット 危険,ボディ,不安解消,高,glp1-diet.html
GLP-1 ダイエット 保険適用,ボディ,情報収集,中,glp1-diet.html
GLP-1 ダイエット 副作用,ボディ,不安解消,中,glp1-diet.html
クレアチン 副作用 腎臓,栄養,不安解消,高,creatine.html
ED 市販薬 薬局,泌尿器・性の悩み,情報収集,高,ed-otc-tadalafil.html
筋トレ 週何回 厚生労働省,運動・筋トレ,情報収集,高,strength-training-guide.html
